function,Accuracy,RMSE,F1,F1 neg,tnr,fpr,fnr,tpr,tn,fp,fn,tp,split,home,direction
ground truth AR,0.9648,0.1877,0.9783,0.9055,0.881,0.119,0.0155,0.985,1160,156,86,5465,0.2,H1,normal
ground truth AR,0.9676,0.18,0.9817,0.86,0.789,0.211,0.00662,0.993,172,46,10,1500,0.2,H1,reverse
ground truth AR,0.9702,0.1727,0.9819,0.9161,0.9,0.1,0.0142,0.986,977,109,70,4847,0.3,H1,normal
ground truth AR,0.9676,0.18,0.9806,0.9023,0.866,0.134,0.0112,0.989,388,60,24,2120,0.3,H1,reverse
ground truth AR,0.9747,0.159,0.9847,0.9259,0.913,0.0866,0.0125,0.988,812,77,53,4197,0.4,H1,normal
ground truth AR,0.9656,0.1856,0.979,0.9047,0.876,0.124,0.0139,0.986,565,80,39,2772,0.4,H1,reverse
ground truth AR,0.9752,0.1575,0.9852,0.9226,0.909,0.0906,0.012,0.988,632,63,43,3537,0.5,H1,normal
ground truth AR,0.9678,0.1794,0.9802,0.9149,0.89,0.11,0.0135,0.986,747,92,47,3434,0.5,H1,reverse
ground truth AR,0.978,0.1483,0.987,0.9274,0.914,0.0859,0.0104,0.99,479,45,30,2857,0.6,H1,normal
ground truth AR,0.9651,0.1869,0.9785,0.9079,0.883,0.117,0.0151,0.985,892,118,63,4111,0.6,H1,reverse
ground truth AR,0.9882,0.1085,0.9937,0.9102,0.91,0.0898,0.0063,0.994,152,15,15,2365,0.7,H1,normal
ground truth AR,0.9575,0.2061,0.9728,0.9028,0.873,0.127,0.0179,0.982,1194,173,84,4597,0.7,H1,reverse
ground truth AR,0.9857,0.1194,0.9925,0.8588,0.849,0.151,0.00689,0.993,73,13,11,1586,0.8,H1,normal
ground truth AR,0.9602,0.1995,0.9751,0.9011,0.865,0.135,0.0146,0.985,1253,195,80,5384,0.8,H1,reverse
OR (aie),0.8084,0.4378,0.894,0.0,0.0,1.0,0.0,1.0,0,1316,0,5551,0.2,H1,normal
OR (aie),0.8738,0.3552,0.9327,0.0,0.0,1.0,0.0,1.0,0,218,0,1510,0.2,H1,reverse
OR (aie),0.8191,0.4253,0.9005,0.0,0.0,1.0,0.0,1.0,0,1086,0,4917,0.3,H1,normal
OR (aie),0.8272,0.4157,0.9054,0.0,0.0,1.0,0.0,1.0,0,448,0,2144,0.3,H1,reverse
OR (aie),0.827,0.4159,0.9053,0.0,0.0,1.0,0.0,1.0,0,889,0,4250,0.4,H1,normal
OR (aie),0.8134,0.432,0.8971,0.0,0.0,1.0,0.0,1.0,0,645,0,2811,0.4,H1,reverse
OR (aie),0.8374,0.4032,0.9115,0.0,0.0,1.0,0.0,1.0,0,695,0,3580,0.5,H1,normal
OR (aie),0.8058,0.4407,0.8924,0.0,0.0,1.0,0.0,1.0,0,839,0,3481,0.5,H1,reverse
OR (aie),0.8464,0.3919,0.9168,0.0,0.0,1.0,0.0,1.0,0,524,0,2887,0.6,H1,normal
OR (aie),0.8052,0.4414,0.8921,0.0,0.0,1.0,0.0,1.0,0,1010,0,4174,0.6,H1,reverse
OR (aie),0.9344,0.2561,0.9661,0.0,0.0,1.0,0.0,1.0,0,167,0,2380,0.7,H1,normal
OR (aie),0.774,0.4754,0.8726,0.0,0.0,1.0,0.0,1.0,0,1367,0,4681,0.7,H1,reverse
OR (aie),0.9489,0.2261,0.9738,0.0,0.0,1.0,0.0,1.0,0,86,0,1597,0.8,H1,normal
OR (aie),0.7905,0.4577,0.883,0.0,0.0,1.0,0.0,1.0,0,1448,0,5464,0.8,H1,reverse
OR (ai),0.4284,0.756,0.4731,0.3755,0.897,0.103,0.683,0.317,1180,136,3789,1762,0.2,H1,normal
OR (ai),0.5961,0.6356,0.7407,0.08639,0.151,0.849,0.34,0.66,33,185,513,997,0.2,H1,reverse
OR (ai),0.4263,0.7574,0.4824,0.3565,0.878,0.122,0.674,0.326,954,132,3312,1605,0.3,H1,normal
OR (ai),0.5451,0.6744,0.6619,0.3052,0.578,0.422,0.462,0.538,259,189,990,1154,0.3,H1,reverse
OR (ai),0.4279,0.7564,0.4833,0.3592,0.927,0.0731,0.676,0.324,824,65,2875,1375,0.4,H1,normal
OR (ai),0.513,0.6978,0.6219,0.3161,0.603,0.397,0.508,0.492,389,256,1427,1384,0.4,H1,reverse
OR (ai),0.4171,0.7635,0.4729,0.348,0.957,0.0432,0.688,0.312,665,30,2462,1118,0.5,H1,normal
OR (ai),0.5067,0.7023,0.6063,0.3396,0.653,0.347,0.529,0.471,548,291,1840,1641,0.5,H1,reverse
OR (ai),0.4298,0.7551,0.4986,0.3391,0.952,0.0477,0.665,0.335,499,25,1920,967,0.6,H1,normal
OR (ai),0.4834,0.7187,0.5723,0.3478,0.707,0.293,0.571,0.429,714,296,2382,1792,0.6,H1,reverse
OR (ai),0.3541,0.8037,0.4739,0.1637,0.964,0.0359,0.689,0.311,161,6,1639,741,0.7,H1,normal
OR (ai),0.5076,0.7017,0.5754,0.414,0.77,0.23,0.569,0.431,1052,315,2663,2018,0.7,H1,reverse
OR (ai),0.3464,0.8085,0.4747,0.1352,1.0,0.0,0.689,0.311,86,0,1100,497,0.8,H1,normal
OR (ai),0.4903,0.7139,0.5622,0.3902,0.778,0.222,0.586,0.414,1127,321,3202,2262,0.8,H1,reverse
Nonparametric,0.8084,0.4378,0.894,0.0,0.0,1.0,0.0,1.0,0,1316,0,5551,0.2,H1,normal
Nonparametric,0.809,0.437,0.8928,0.127,0.11,0.89,0.0901,0.91,24,194,136,1374,0.2,H1,reverse
Nonparametric,0.8199,0.4244,0.9,0.09236,0.0506,0.949,0.0102,0.99,55,1031,50,4867,0.3,H1,normal
Nonparametric,0.8237,0.4199,0.9004,0.2319,0.154,0.846,0.0364,0.964,69,379,78,2066,0.3,H1,reverse
Nonparametric,0.7974,0.4501,0.8791,0.3763,0.353,0.647,0.11,0.89,314,575,466,3784,0.4,H1,normal
Nonparametric,0.8076,0.4387,0.8934,0.01481,0.00775,0.992,0.00889,0.991,5,640,25,2786,0.4,H1,reverse
Nonparametric,0.7698,0.4798,0.8609,0.3333,0.354,0.646,0.149,0.851,246,449,535,3045,0.5,H1,normal
Nonparametric,0.7988,0.4485,0.888,0.01138,0.00596,0.994,0.0101,0.99,5,834,35,3446,0.5,H1,reverse
Nonparametric,0.7989,0.4485,0.8837,0.2576,0.227,0.773,0.0973,0.903,119,405,281,2606,0.6,H1,normal
Nonparametric,0.7994,0.4479,0.8884,0.009524,0.00495,0.995,0.00839,0.992,5,1005,35,4139,0.6,H1,reverse
Nonparametric,0.8206,0.4236,0.897,0.3044,0.599,0.401,0.164,0.836,100,67,390,1990,0.7,H1,normal
Nonparametric,0.774,0.4754,0.8726,0.0,0.0,1.0,0.0,1.0,0,1367,0,4681,0.7,H1,reverse
Nonparametric,0.8693,0.3616,0.9291,0.1603,0.244,0.756,0.0971,0.903,21,65,155,1442,0.8,H1,normal
Nonparametric,0.7905,0.4577,0.883,0.0,0.0,1.0,0.0,1.0,0,1448,0,5464,0.8,H1,reverse
AR predictions (aie),0.8084,0.4378,0.894,0.0,0.0,1.0,0.0,1.0,0,1316,0,5551,0.2,H1,normal
AR predictions (aie),0.8738,0.3552,0.9327,0.0,0.0,1.0,0.0,1.0,0,218,0,1510,0.2,H1,reverse
AR predictions (aie),0.8191,0.4253,0.9005,0.0,0.0,1.0,0.0,1.0,0,1086,0,4917,0.3,H1,normal
AR predictions (aie),0.8584,0.3763,0.9189,0.4414,0.324,0.676,0.0299,0.97,145,303,64,2080,0.3,H1,reverse
AR predictions (aie),0.835,0.4062,0.9091,0.1074,0.0574,0.943,0.00235,0.998,51,838,10,4240,0.4,H1,normal
AR predictions (aie),0.8492,0.3883,0.913,0.4355,0.312,0.688,0.0274,0.973,201,444,77,2734,0.4,H1,reverse
AR predictions (aie),0.8849,0.3392,0.935,0.5,0.354,0.646,0.012,0.988,246,449,43,3537,0.5,H1,normal
AR predictions (aie),0.8053,0.4412,0.891,0.08884,0.0489,0.951,0.0124,0.988,41,798,43,3438,0.5,H1,reverse
AR predictions (aie),0.8572,0.3779,0.9193,0.3843,0.29,0.71,0.0398,0.96,152,372,115,2772,0.6,H1,normal
AR predictions (aie),0.8052,0.4414,0.8921,0.0,0.0,1.0,0.0,1.0,0,1010,0,4174,0.6,H1,reverse
AR predictions (aie),0.9211,0.2809,0.9576,0.437,0.467,0.533,0.0471,0.953,78,89,112,2268,0.7,H1,normal
AR predictions (aie),0.774,0.4754,0.8726,0.0,0.0,1.0,0.0,1.0,0,1367,0,4681,0.7,H1,reverse
AR predictions (aie),0.9026,0.3122,0.9485,0.0989,0.105,0.895,0.0545,0.946,9,77,87,1510,0.8,H1,normal
AR predictions (aie),0.7905,0.4577,0.883,0.0,0.0,1.0,0.0,1.0,0,1448,0,5464,0.8,H1,reverse
ground truth AR,0.9387,0.2475,0.9483,0.9248,0.918,0.0816,0.0471,0.953,1519,135,112,2266,0.2,H2,normal
ground truth AR,0.9722,0.1667,0.9794,0.9573,0.954,0.0461,0.0189,0.981,269,13,11,571,0.2,H2,reverse
ground truth AR,0.9381,0.2488,0.9439,0.9308,0.921,0.0793,0.0476,0.952,1440,124,90,1802,0.3,H2,normal
ground truth AR,0.9764,0.1537,0.9841,0.9541,0.949,0.0511,0.014,0.986,353,19,15,1053,0.3,H2,reverse
ground truth AR,0.9432,0.2384,0.9502,0.9338,0.931,0.0689,0.0477,0.952,1270,94,86,1718,0.4,H2,normal
ground truth AR,0.9716,0.1684,0.979,0.9564,0.941,0.0594,0.013,0.987,538,34,15,1141,0.4,H2,reverse
ground truth AR,0.9495,0.2248,0.9581,0.9364,0.936,0.0641,0.0416,0.958,964,66,65,1497,0.5,H2,normal
ground truth AR,0.9657,0.1852,0.9721,0.9556,0.939,0.0607,0.0172,0.983,851,55,24,1374,0.5,H2,reverse
ground truth AR,0.9449,0.2346,0.9583,0.919,0.92,0.0803,0.0421,0.958,630,55,56,1275,0.6,H2,normal
ground truth AR,0.9663,0.1835,0.9705,0.9607,0.947,0.0528,0.019,0.981,1185,66,31,1598,0.6,H2,reverse
ground truth AR,0.941,0.243,0.9558,0.911,0.913,0.0874,0.045,0.955,522,50,52,1104,0.7,H2,normal
ground truth AR,0.9665,0.1829,0.9709,0.9606,0.946,0.0535,0.0183,0.982,1291,73,33,1771,0.7,H2,reverse
ground truth AR,0.9384,0.2483,0.9559,0.8975,0.899,0.101,0.0447,0.955,311,35,36,770,0.8,H2,normal
ground truth AR,0.9567,0.208,0.963,0.9479,0.927,0.073,0.0214,0.979,1474,116,46,2108,0.8,H2,reverse
OR (aie),0.5898,0.6405,0.742,0.0,0.0,1.0,0.0,1.0,0,1654,0,2378,0.2,H2,normal
OR (aie),0.6736,0.5713,0.805,0.0,0.0,1.0,0.0,1.0,0,282,0,582,0.2,H2,reverse
OR (aie),0.5475,0.6727,0.7076,0.0,0.0,1.0,0.0,1.0,0,1564,0,1892,0.3,H2,normal
OR (aie),0.7417,0.5083,0.8517,0.0,0.0,1.0,0.0,1.0,0,372,0,1068,0.3,H2,reverse
OR (aie),0.5694,0.6562,0.7257,0.0,0.0,1.0,0.0,1.0,0,1364,0,1804,0.4,H2,normal
OR (aie),0.669,0.5753,0.8017,0.0,0.0,1.0,0.0,1.0,0,572,0,1156,0.4,H2,reverse
OR (aie),0.6026,0.6304,0.752,0.0,0.0,1.0,0.0,1.0,0,1030,0,1562,0.5,H2,normal
OR (aie),0.6068,0.6271,0.7553,0.0,0.0,1.0,0.0,1.0,0,906,0,1398,0.5,H2,reverse
OR (aie),0.6602,0.5829,0.7953,0.0,0.0,1.0,0.0,1.0,0,685,0,1331,0.6,H2,normal
OR (aie),0.5656,0.6591,0.7226,0.0,0.0,1.0,0.0,1.0,0,1251,0,1629,0.6,H2,reverse
OR (aie),0.669,0.5753,0.8017,0.0,0.0,1.0,0.0,1.0,0,572,0,1156,0.7,H2,normal
OR (aie),0.5694,0.6562,0.7257,0.0,0.0,1.0,0.0,1.0,0,1364,0,1804,0.7,H2,reverse
OR (aie),0.6997,0.548,0.8233,0.0,0.0,1.0,0.0,1.0,0,346,0,806,0.8,H2,normal
OR (aie),0.5753,0.6517,0.7304,0.0,0.0,1.0,0.0,1.0,0,1590,0,2154,0.8,H2,reverse
OR (ai),0.5813,0.647,0.4541,0.6605,0.993,0.00726,0.705,0.295,1642,12,1676,702,0.2,H2,normal
OR (ai),0.5278,0.6872,0.4617,0.5794,0.996,0.00355,0.699,0.301,281,1,407,175,0.2,H2,reverse
OR (ai),0.5969,0.6349,0.4222,0.6905,0.994,0.00639,0.731,0.269,1554,10,1383,509,0.3,H2,normal
OR (ai),0.5118,0.6987,0.5115,0.5121,0.992,0.00806,0.655,0.345,369,3,700,368,0.3,H2,reverse
OR (ai),0.5852,0.644,0.4282,0.6746,0.999,0.00147,0.727,0.273,1362,2,1312,492,0.4,H2,normal
OR (ai),0.5475,0.6727,0.4961,0.5893,0.981,0.0192,0.667,0.333,561,11,771,385,0.4,H2,reverse
OR (ai),0.5691,0.6565,0.4446,0.648,0.998,0.00194,0.714,0.286,1028,2,1115,447,0.5,H2,normal
OR (ai),0.5751,0.6519,0.4676,0.6464,0.988,0.0121,0.692,0.308,895,11,968,430,0.5,H2,reverse
OR (ai),0.5382,0.6796,0.4634,0.5947,0.997,0.00292,0.698,0.302,683,2,929,402,0.6,H2,normal
OR (ai),0.5955,0.636,0.4492,0.6804,0.991,0.00879,0.708,0.292,1240,11,1154,475,0.6,H2,reverse
OR (ai),0.5312,0.6847,0.4622,0.5846,0.997,0.0035,0.699,0.301,570,2,808,348,0.7,H2,normal
OR (ai),0.5941,0.6371,0.4514,0.6779,0.992,0.00806,0.707,0.293,1353,11,1275,529,0.7,H2,reverse
OR (ai),0.4887,0.715,0.4242,0.5402,1.0,0.0,0.731,0.269,346,0,589,217,0.8,H2,normal
OR (ai),0.5975,0.6344,0.4669,0.6767,0.992,0.00818,0.694,0.306,1577,13,1494,660,0.8,H2,reverse
Nonparametric,0.5367,0.6807,0.5351,0.5383,0.658,0.342,0.548,0.452,1089,565,1303,1075,0.2,H2,normal
Nonparametric,0.6852,0.5611,0.7167,0.6458,0.879,0.121,0.409,0.591,248,34,238,344,0.2,H2,reverse
Nonparametric,0.6794,0.5662,0.7303,0.6049,0.542,0.458,0.207,0.793,848,716,392,1500,0.3,H2,normal
Nonparametric,0.7375,0.5123,0.8058,0.5953,0.747,0.253,0.266,0.734,278,94,284,784,0.3,H2,reverse
Nonparametric,0.684,0.5621,0.7469,0.5796,0.506,0.494,0.181,0.819,690,674,327,1477,0.4,H2,normal
Nonparametric,0.7593,0.4907,0.8071,0.68,0.773,0.227,0.247,0.753,442,130,286,870,0.4,H2,reverse
Nonparametric,0.6601,0.583,0.7313,0.5375,0.497,0.503,0.232,0.768,512,518,363,1199,0.5,H2,normal
Nonparametric,0.7326,0.5171,0.7789,0.6619,0.666,0.334,0.224,0.776,603,303,313,1085,0.5,H2,reverse
Nonparametric,0.6528,0.5893,0.7278,0.5205,0.555,0.445,0.297,0.703,380,305,395,936,0.6,H2,normal
Nonparametric,0.6552,0.5872,0.7205,0.5501,0.485,0.515,0.214,0.786,607,644,349,1280,0.6,H2,reverse
Nonparametric,0.6568,0.5858,0.7097,0.5803,0.717,0.283,0.373,0.627,410,162,431,725,0.7,H2,normal
Nonparametric,0.6629,0.5806,0.7315,0.5471,0.473,0.527,0.193,0.807,645,719,349,1455,0.7,H2,reverse
Nonparametric,0.6198,0.6166,0.6496,0.5844,0.89,0.11,0.496,0.504,308,38,400,406,0.8,H2,normal
Nonparametric,0.4095,0.7685,0.501,0.2767,0.266,0.734,0.485,0.515,423,1167,1044,1110,0.8,H2,reverse
AR predictions (aie),0.5898,0.6405,0.742,0.0,0.0,1.0,0.0,1.0,0,1654,0,2378,0.2,H2,normal
AR predictions (aie),0.9317,0.2613,0.9514,0.8854,0.809,0.191,0.00859,0.991,228,54,5,577,0.2,H2,reverse
AR predictions (aie),0.5535,0.6682,0.7098,0.0326,0.0166,0.983,0.00264,0.997,26,1538,5,1887,0.3,H2,normal
AR predictions (aie),0.9292,0.2661,0.9529,0.8571,0.823,0.177,0.0337,0.966,306,66,36,1032,0.3,H2,reverse
AR predictions (aie),0.6045,0.6289,0.7036,0.4059,0.314,0.686,0.176,0.824,428,936,317,1487,0.4,H2,normal
AR predictions (aie),0.8918,0.329,0.9228,0.819,0.74,0.26,0.0329,0.967,423,149,38,1118,0.4,H2,reverse
AR predictions (aie),0.7635,0.4863,0.7983,0.7142,0.744,0.256,0.223,0.777,766,264,349,1213,0.5,H2,normal
AR predictions (aie),0.8138,0.4315,0.8629,0.7099,0.579,0.421,0.0343,0.966,525,381,48,1350,0.5,H2,reverse
AR predictions (aie),0.7505,0.4995,0.8125,0.6271,0.618,0.382,0.181,0.819,423,262,241,1090,0.6,H2,normal
AR predictions (aie),0.7868,0.4617,0.8389,0.6848,0.533,0.467,0.0184,0.982,667,584,30,1599,0.6,H2,reverse
AR predictions (aie),0.7101,0.5385,0.784,0.5594,0.556,0.444,0.214,0.786,318,254,247,909,0.7,H2,normal
AR predictions (aie),0.7626,0.4872,0.8254,0.6296,0.468,0.532,0.015,0.985,639,725,27,1777,0.7,H2,reverse
AR predictions (aie),0.7118,0.5368,0.7866,0.5561,0.601,0.399,0.241,0.759,208,138,194,612,0.8,H2,normal
AR predictions (aie),0.5753,0.6517,0.7304,0.0,0.0,1.0,0.0,1.0,0,1590,0,2154,0.8,H2,reverse
ground truth AR,0.9194,0.2839,0.948,0.8204,0.702,0.298,0.00319,0.997,1485,631,19,5929,0.2,H3,normal
ground truth AR,0.9757,0.1559,0.9873,0.6918,0.688,0.312,0.0124,0.988,55,25,24,1912,0.2,H3,reverse
ground truth AR,0.9414,0.2421,0.9611,0.8811,0.802,0.198,0.00686,0.993,1563,386,36,5215,0.3,H3,normal
ground truth AR,0.9736,0.1624,0.9856,0.8462,0.846,0.154,0.0144,0.986,209,38,38,2595,0.3,H3,reverse
ground truth AR,0.9517,0.2197,0.9678,0.9038,0.874,0.126,0.0212,0.979,1372,197,95,4384,0.4,H3,normal
ground truth AR,0.9794,0.1435,0.9878,0.9338,0.933,0.067,0.012,0.988,585,42,41,3364,0.4,H3,reverse
ground truth AR,0.9458,0.2328,0.9664,0.8596,0.828,0.172,0.0246,0.975,860,179,102,4043,0.5,H3,normal
ground truth AR,0.9812,0.1371,0.9877,0.9602,0.96,0.0398,0.0123,0.988,1111,46,46,3693,0.5,H3,reverse
ground truth AR,0.9509,0.2216,0.9701,0.8634,0.828,0.172,0.0208,0.979,626,130,68,3208,0.6,H3,normal
ground truth AR,0.974,0.1611,0.983,0.9449,0.935,0.0646,0.0139,0.986,1347,93,64,4544,0.6,H3,reverse
ground truth AR,0.9552,0.2117,0.9729,0.87,0.829,0.171,0.017,0.983,475,98,44,2551,0.7,H3,normal
ground truth AR,0.969,0.176,0.9799,0.9332,0.921,0.0795,0.0161,0.984,1494,129,85,5204,0.7,H3,reverse
ground truth AR,0.9539,0.2148,0.97,0.9003,0.882,0.118,0.024,0.976,420,56,37,1503,0.8,H3,normal
ground truth AR,0.9665,0.183,0.9788,0.9198,0.9,0.1,0.0154,0.985,1548,172,98,6246,0.8,H3,reverse
OR (aie),0.7376,0.5123,0.849,0.0,0.0,1.0,0.0,1.0,0,2116,0,5948,0.2,H3,normal
OR (aie),0.9603,0.1992,0.9798,0.0,0.0,1.0,0.0,1.0,0,80,0,1936,0.2,H3,reverse
OR (aie),0.7293,0.5203,0.8435,0.0,0.0,1.0,0.0,1.0,0,1949,0,5251,0.3,H3,normal
OR (aie),0.9142,0.2929,0.9552,0.0,0.0,1.0,0.0,1.0,0,247,0,2633,0.3,H3,reverse
OR (aie),0.7406,0.5093,0.851,0.0,0.0,1.0,0.0,1.0,0,1569,0,4479,0.4,H3,normal
OR (aie),0.8445,0.3943,0.9157,0.0,0.0,1.0,0.0,1.0,0,627,0,3405,0.4,H3,reverse
OR (aie),0.7996,0.4477,0.8886,0.0,0.0,1.0,0.0,1.0,0,1039,0,4145,0.5,H3,normal
OR (aie),0.7637,0.4861,0.866,0.0,0.0,1.0,0.0,1.0,0,1157,0,3739,0.5,H3,reverse
OR (aie),0.8125,0.433,0.8966,0.0,0.0,1.0,0.0,1.0,0,756,0,3276,0.6,H3,normal
OR (aie),0.7619,0.488,0.8649,0.0,0.0,1.0,0.0,1.0,0,1440,0,4608,0.6,H3,reverse
OR (aie),0.8191,0.4253,0.9006,0.0,0.0,1.0,0.0,1.0,0,573,0,2595,0.7,H3,normal
OR (aie),0.7652,0.4846,0.867,0.0,0.0,1.0,0.0,1.0,0,1623,0,5289,0.7,H3,reverse
OR (aie),0.7639,0.4859,0.8661,0.0,0.0,1.0,0.0,1.0,0,476,0,1540,0.8,H3,normal
OR (aie),0.7867,0.4618,0.8806,0.0,0.0,1.0,0.0,1.0,0,1720,0,6344,0.8,H3,reverse
OR (ai),0.4799,0.7212,0.4623,0.4964,0.977,0.0232,0.697,0.303,2067,49,4145,1803,0.2,H3,normal
OR (ai),0.3909,0.7805,0.5363,0.1127,0.975,0.025,0.633,0.367,78,2,1226,710,0.2,H3,reverse
OR (ai),0.4763,0.7237,0.4476,0.502,0.975,0.0246,0.709,0.291,1901,48,3723,1528,0.3,H3,normal
OR (ai),0.4267,0.7571,0.544,0.2281,0.988,0.0121,0.626,0.374,244,3,1648,985,0.3,H3,reverse
OR (ai),0.463,0.7328,0.4396,0.4844,0.973,0.0274,0.716,0.284,1526,43,3205,1274,0.4,H3,normal
OR (ai),0.4608,0.7343,0.5327,0.3628,0.987,0.0128,0.636,0.364,619,8,2166,1239,0.4,H3,reverse
OR (ai),0.424,0.7589,0.446,0.4002,0.959,0.0414,0.71,0.29,996,43,2943,1202,0.5,H3,normal
OR (ai),0.5025,0.7054,0.5184,0.4854,0.993,0.00691,0.649,0.351,1149,8,2428,1311,0.5,H3,reverse
OR (ai),0.4102,0.768,0.4413,0.3755,0.946,0.0542,0.713,0.287,715,41,2337,939,0.6,H3,normal
OR (ai),0.4967,0.7094,0.5084,0.4844,0.993,0.00694,0.658,0.342,1430,10,3034,1574,0.6,H3,reverse
OR (ai),0.411,0.7675,0.4521,0.3631,0.928,0.0716,0.703,0.297,532,41,1825,770,0.7,H3,normal
OR (ai),0.4855,0.7173,0.495,0.4757,0.994,0.00616,0.67,0.33,1613,10,3546,1743,0.7,H3,reverse
OR (ai),0.4534,0.7393,0.4614,0.4451,0.929,0.0714,0.694,0.306,442,34,1068,472,0.8,H3,normal
OR (ai),0.4643,0.7319,0.4858,0.4408,0.99,0.00988,0.678,0.322,1703,17,4303,2041,0.8,H3,reverse
Nonparametric,0.7376,0.5123,0.849,0.0,0.0,1.0,0.0,1.0,0,2116,0,5948,0.2,H3,normal
Nonparametric,0.8438,0.3953,0.9129,0.241,0.625,0.375,0.147,0.853,50,30,285,1651,0.2,H3,reverse
Nonparametric,0.7319,0.5177,0.8439,0.05113,0.0267,0.973,0.00628,0.994,52,1897,33,5218,0.3,H3,normal
Nonparametric,0.8608,0.3731,0.919,0.5031,0.822,0.178,0.136,0.864,203,44,357,2276,0.3,H3,reverse
Nonparametric,0.7437,0.5062,0.8517,0.05718,0.03,0.97,0.00625,0.994,47,1522,28,4451,0.4,H3,normal
Nonparametric,0.8063,0.4401,0.8841,0.4115,0.435,0.565,0.125,0.875,273,354,427,2978,0.4,H3,reverse
Nonparametric,0.8057,0.4407,0.8882,0.2601,0.17,0.83,0.035,0.965,177,862,145,4000,0.5,H3,normal
Nonparametric,0.7486,0.5014,0.8461,0.3142,0.244,0.756,0.0952,0.905,282,875,356,3383,0.5,H3,reverse
Nonparametric,0.813,0.4324,0.8896,0.39,0.319,0.681,0.073,0.927,241,515,239,3037,0.6,H3,normal
Nonparametric,0.7657,0.484,0.863,0.1926,0.117,0.883,0.0317,0.968,169,1271,146,4462,0.6,H3,reverse
Nonparametric,0.8046,0.442,0.8839,0.3841,0.337,0.663,0.0921,0.908,193,380,239,2356,0.7,H3,normal
Nonparametric,0.7716,0.478,0.8669,0.194,0.117,0.883,0.0276,0.972,190,1433,146,5143,0.7,H3,reverse
Nonparametric,0.7718,0.4777,0.8669,0.2014,0.122,0.878,0.0273,0.973,58,418,42,1498,0.8,H3,normal
Nonparametric,0.7646,0.4851,0.8518,0.4283,0.413,0.587,0.14,0.86,711,1009,889,5455,0.8,H3,reverse
AR predictions (aie),0.7376,0.5123,0.849,0.0,0.0,1.0,0.0,1.0,0,2116,0,5948,0.2,H3,normal
AR predictions (aie),0.9355,0.2539,0.9664,0.1975,0.2,0.8,0.0341,0.966,16,64,66,1870,0.2,H3,reverse
AR predictions (aie),0.7293,0.5203,0.8435,0.0,0.0,1.0,0.0,1.0,0,1949,0,5251,0.3,H3,normal
AR predictions (aie),0.9299,0.2648,0.9621,0.5302,0.462,0.538,0.0262,0.974,114,133,69,2564,0.3,H3,reverse
AR predictions (aie),0.7877,0.4608,0.8746,0.3074,0.182,0.818,0.0,1.0,285,1284,0,4479,0.4,H3,normal
AR predictions (aie),0.9142,0.2929,0.9505,0.6772,0.579,0.421,0.0241,0.976,363,264,82,3323,0.4,H3,reverse
AR predictions (aie),0.7996,0.4477,0.8886,0.0,0.0,1.0,0.0,1.0,0,1039,0,4145,0.5,H3,normal
AR predictions (aie),0.8533,0.3829,0.9093,0.6165,0.499,0.501,0.0369,0.963,577,580,138,3601,0.5,H3,reverse
AR predictions (aie),0.8346,0.4067,0.9074,0.2271,0.13,0.87,0.00275,0.997,98,658,9,3267,0.6,H3,normal
AR predictions (aie),0.8565,0.3788,0.9123,0.6051,0.462,0.538,0.0202,0.98,665,775,93,4515,0.6,H3,reverse
AR predictions (aie),0.8605,0.3735,0.9211,0.3962,0.253,0.747,0.00539,0.995,145,428,14,2581,0.7,H3,normal
AR predictions (aie),0.8589,0.3756,0.9146,0.5949,0.441,0.559,0.0129,0.987,716,907,68,5221,0.7,H3,reverse
AR predictions (aie),0.8358,0.4052,0.9022,0.4884,0.332,0.668,0.00844,0.992,158,318,13,1527,0.8,H3,normal
AR predictions (aie),0.8682,0.3631,0.9212,0.5963,0.456,0.544,0.0202,0.98,785,935,128,6216,0.8,H3,reverse
ground truth AR,0.9421,0.2406,0.9653,0.8261,0.833,0.167,0.0364,0.964,475,95,105,2781,0.2,H5,normal
ground truth AR,0.9815,0.1361,0.9793,0.9833,0.975,0.0249,0.0105,0.99,470,12,4,378,0.2,H5,reverse
ground truth AR,0.9517,0.2198,0.9716,0.8374,0.824,0.176,0.0257,0.974,394,84,69,2621,0.3,H5,normal
ground truth AR,0.9696,0.1743,0.9702,0.9691,0.955,0.0453,0.0156,0.984,548,26,9,569,0.3,H5,reverse
ground truth AR,0.9618,0.1954,0.9785,0.8313,0.822,0.178,0.02,0.98,244,53,46,2249,0.4,H5,normal
ground truth AR,0.9508,0.2218,0.9571,0.9424,0.921,0.0795,0.0257,0.974,695,60,25,948,0.4,H5,reverse
ground truth AR,0.9648,0.1875,0.9801,0.8492,0.841,0.159,0.0187,0.981,228,43,38,1995,0.5,H5,normal
ground truth AR,0.9509,0.2216,0.9605,0.9352,0.914,0.0858,0.0259,0.974,714,67,32,1203,0.5,H5,reverse
ground truth AR,0.9688,0.1768,0.9825,0.8556,0.838,0.162,0.015,0.985,160,31,23,1514,0.6,H5,normal
ground truth AR,0.9522,0.2187,0.9647,0.9258,0.899,0.101,0.0214,0.979,774,87,37,1694,0.6,H5,reverse
ground truth AR,0.9681,0.1787,0.9824,0.8296,0.812,0.188,0.0154,0.985,112,26,20,1282,0.7,H5,normal
ground truth AR,0.9517,0.2197,0.9652,0.9213,0.891,0.109,0.0198,0.98,814,100,39,1927,0.7,H5,reverse
ground truth AR,0.9676,0.18,0.9827,0.7358,0.722,0.278,0.016,0.984,39,15,13,797,0.8,H5,normal
ground truth AR,0.9476,0.2289,0.9639,0.9045,0.859,0.141,0.0163,0.984,857,141,40,2418,0.8,H5,reverse
OR (aie),0.8351,0.4061,0.9101,0.0,0.0,1.0,0.0,1.0,0,570,0,2886,0.2,H5,normal
OR (aie),0.4421,0.7469,0.6132,0.0,0.0,1.0,0.0,1.0,0,482,0,382,0.2,H5,reverse
OR (aie),0.8491,0.3884,0.9184,0.0,0.0,1.0,0.0,1.0,0,478,0,2690,0.3,H5,normal
OR (aie),0.5017,0.7059,0.6682,0.0,0.0,1.0,0.0,1.0,0,574,0,578,0.3,H5,reverse
OR (aie),0.8854,0.3385,0.9392,0.0,0.0,1.0,0.0,1.0,0,297,0,2295,0.4,H5,normal
OR (aie),0.5631,0.661,0.7205,0.0,0.0,1.0,0.0,1.0,0,755,0,973,0.4,H5,reverse
OR (aie),0.8824,0.343,0.9375,0.0,0.0,1.0,0.0,1.0,0,271,0,2033,0.5,H5,normal
OR (aie),0.6126,0.6224,0.7598,0.0,0.0,1.0,0.0,1.0,0,781,0,1235,0.5,H5,reverse
OR (aie),0.8895,0.3325,0.9415,0.0,0.0,1.0,0.0,1.0,0,191,0,1537,0.6,H5,normal
OR (aie),0.6678,0.5763,0.8008,0.0,0.0,1.0,0.0,1.0,0,861,0,1731,0.6,H5,reverse
OR (aie),0.9042,0.3096,0.9497,0.0,0.0,1.0,0.0,1.0,0,138,0,1302,0.7,H5,normal
OR (aie),0.6826,0.5633,0.8114,0.0,0.0,1.0,0.0,1.0,0,914,0,1966,0.7,H5,reverse
OR (aie),0.9375,0.25,0.9677,0.0,0.0,1.0,0.0,1.0,0,54,0,810,0.8,H5,normal
OR (aie),0.7112,0.5374,0.8312,0.0,0.0,1.0,0.0,1.0,0,998,0,2458,0.8,H5,reverse
OR (ai),0.4421,0.7469,0.5087,0.3548,0.93,0.0702,0.654,0.346,530,40,1888,998,0.2,H5,normal
OR (ai),0.6863,0.5601,0.4503,0.7806,1.0,0.0,0.709,0.291,482,0,271,111,0.2,H5,reverse
OR (ai),0.4265,0.7573,0.4999,0.3278,0.927,0.0732,0.662,0.338,443,35,1782,908,0.3,H5,normal
OR (ai),0.6684,0.5758,0.5128,0.7487,0.991,0.00871,0.652,0.348,569,5,377,201,0.3,H5,reverse
OR (ai),0.439,0.749,0.5372,0.288,0.99,0.0101,0.632,0.368,294,3,1451,844,0.4,H5,normal
OR (ai),0.5689,0.6566,0.4157,0.6584,0.951,0.049,0.728,0.272,718,37,708,265,0.4,H5,reverse
OR (ai),0.4492,0.7421,0.5466,0.2985,0.996,0.00369,0.624,0.376,270,1,1268,765,0.5,H5,normal
OR (ai),0.5387,0.6792,0.4252,0.6147,0.95,0.0499,0.721,0.279,742,39,891,344,0.5,H5,reverse
OR (ai),0.441,0.7477,0.5422,0.2823,0.995,0.00524,0.628,0.372,190,1,965,572,0.6,H5,normal
OR (ai),0.5243,0.6897,0.4655,0.5714,0.955,0.0453,0.69,0.31,822,39,1194,537,0.6,H5,reverse
OR (ai),0.4264,0.7574,0.536,0.2491,0.993,0.00725,0.634,0.366,137,1,825,477,0.7,H5,normal
OR (ai),0.5233,0.6905,0.4793,0.5604,0.957,0.0427,0.679,0.321,875,39,1334,632,0.7,H5,reverse
OR (ai),0.4259,0.7577,0.5587,0.1788,1.0,0.0,0.612,0.388,54,0,496,314,0.8,H5,normal
OR (ai),0.5072,0.702,0.4828,0.5294,0.96,0.0401,0.677,0.323,958,40,1663,795,0.8,H5,reverse
Nonparametric,0.5909,0.6396,0.7113,0.2979,0.526,0.474,0.396,0.604,300,270,1144,1742,0.2,H5,normal
Nonparametric,0.4502,0.7415,0.6166,0.02863,0.0145,0.985,0.0,1.0,7,475,0,382,0.2,H5,reverse
Nonparametric,0.6449,0.5959,0.7744,0.166,0.234,0.766,0.282,0.718,112,366,759,1931,0.3,H5,normal
Nonparametric,0.4896,0.7144,0.65,0.05769,0.0314,0.969,0.0554,0.945,18,556,32,546,0.3,H5,reverse
Nonparametric,0.7801,0.4689,0.8702,0.2803,0.374,0.626,0.167,0.833,111,186,384,1911,0.4,H5,normal
Nonparametric,0.5735,0.6531,0.7243,0.05875,0.0305,0.97,0.00514,0.995,23,732,5,968,0.4,H5,reverse
Nonparametric,0.7661,0.4837,0.8616,0.244,0.321,0.679,0.175,0.825,87,184,355,1678,0.5,H5,normal
Nonparametric,0.6181,0.618,0.7621,0.03266,0.0166,0.983,0.00162,0.998,13,768,2,1233,0.5,H5,reverse
Nonparametric,0.8044,0.4423,0.8878,0.2387,0.277,0.723,0.13,0.87,53,138,200,1337,0.6,H5,normal
Nonparametric,0.6543,0.5879,0.7836,0.1418,0.0859,0.914,0.063,0.937,74,787,109,1622,0.6,H5,reverse
Nonparametric,0.8632,0.3699,0.9236,0.3498,0.384,0.616,0.086,0.914,53,85,112,1190,0.7,H5,normal
Nonparametric,0.5868,0.6428,0.6757,0.4306,0.492,0.508,0.369,0.631,450,464,726,1240,0.7,H5,reverse
Nonparametric,0.9097,0.3005,0.9511,0.4091,0.5,0.5,0.063,0.937,27,27,51,759,0.8,H5,normal
Nonparametric,0.6314,0.6072,0.7307,0.4161,0.455,0.545,0.297,0.703,454,544,730,1728,0.8,H5,reverse
AR predictions (aie),0.8351,0.4061,0.9101,0.0,0.0,1.0,0.0,1.0,0,570,0,2886,0.2,H5,normal
AR predictions (aie),0.4421,0.7469,0.6132,0.0,0.0,1.0,0.0,1.0,0,482,0,382,0.2,H5,reverse
AR predictions (aie),0.8491,0.3884,0.9184,0.0,0.0,1.0,0.0,1.0,0,478,0,2690,0.3,H5,normal
AR predictions (aie),0.5017,0.7059,0.6682,0.0,0.0,1.0,0.0,1.0,0,574,0,578,0.3,H5,reverse
AR predictions (aie),0.8854,0.3385,0.9392,0.0,0.0,1.0,0.0,1.0,0,297,0,2295,0.4,H5,normal
AR predictions (aie),0.5631,0.661,0.7205,0.0,0.0,1.0,0.0,1.0,0,755,0,973,0.4,H5,reverse
AR predictions (aie),0.8824,0.343,0.9375,0.0,0.0,1.0,0.0,1.0,0,271,0,2033,0.5,H5,normal
AR predictions (aie),0.6126,0.6224,0.7598,0.0,0.0,1.0,0.0,1.0,0,781,0,1235,0.5,H5,reverse
AR predictions (aie),0.8895,0.3325,0.9415,0.0,0.0,1.0,0.0,1.0,0,191,0,1537,0.6,H5,normal
AR predictions (aie),0.6678,0.5763,0.8008,0.0,0.0,1.0,0.0,1.0,0,861,0,1731,0.6,H5,reverse
AR predictions (aie),0.9042,0.3096,0.9497,0.0,0.0,1.0,0.0,1.0,0,138,0,1302,0.7,H5,normal
AR predictions (aie),0.6826,0.5633,0.8114,0.0,0.0,1.0,0.0,1.0,0,914,0,1966,0.7,H5,reverse
AR predictions (aie),0.9375,0.25,0.9677,0.0,0.0,1.0,0.0,1.0,0,54,0,810,0.8,H5,normal
AR predictions (aie),0.7112,0.5374,0.8312,0.0,0.0,1.0,0.0,1.0,0,998,0,2458,0.8,H5,reverse
ground truth AR,0.957,0.2074,0.9473,0.9637,0.951,0.0493,0.0336,0.966,5092,264,120,3452,0.2,H6,normal
ground truth AR,0.9688,0.1768,0.9797,0.9319,0.933,0.0671,0.0206,0.979,431,31,32,1522,0.2,H6,reverse
ground truth AR,0.9525,0.2178,0.9388,0.9613,0.941,0.0592,0.0278,0.972,4578,288,81,2829,0.3,H6,normal
ground truth AR,0.9564,0.2087,0.9688,0.9281,0.936,0.0641,0.0347,0.965,891,61,77,2139,0.3,H6,reverse
ground truth AR,0.9521,0.2188,0.9327,0.9629,0.944,0.0556,0.033,0.967,4110,242,75,2197,0.4,H6,normal
ground truth AR,0.9493,0.2252,0.9615,0.9256,0.93,0.0703,0.0406,0.959,1363,103,116,2738,0.4,H6,reverse
ground truth AR,0.9432,0.2384,0.9072,0.959,0.937,0.0633,0.041,0.959,3641,246,65,1520,0.5,H6,normal
ground truth AR,0.947,0.2302,0.9587,0.9259,0.938,0.0616,0.0483,0.952,1812,119,171,3370,0.5,H6,reverse
ground truth AR,0.9477,0.2287,0.9127,0.9627,0.942,0.0582,0.0374,0.963,3107,192,49,1260,0.6,H6,normal
ground truth AR,0.9478,0.2286,0.9563,0.9351,0.947,0.0532,0.0516,0.948,2385,134,197,3620,0.6,H6,reverse
ground truth AR,0.9398,0.2453,0.867,0.9611,0.937,0.0634,0.0478,0.952,2570,174,34,678,0.7,H6,normal
ground truth AR,0.9415,0.2419,0.9499,0.9298,0.943,0.0569,0.0596,0.94,2899,175,263,4151,0.7,H6,reverse
ground truth AR,0.9518,0.2195,0.923,0.965,0.946,0.0545,0.0334,0.967,1528,88,23,665,0.8,H6,normal
ground truth AR,0.9455,0.2335,0.9468,0.9441,0.947,0.0526,0.0563,0.944,3981,221,250,4188,0.8,H6,reverse
OR (aie),0.5317,0.6843,0.5632,0.4954,0.383,0.617,0.246,0.754,2052,3304,877,2695,0.2,H6,normal
OR (aie),0.5709,0.655,0.658,0.4245,0.69,0.31,0.465,0.535,319,143,722,832,0.2,H6,reverse
OR (aie),0.5342,0.6825,0.5587,0.5068,0.382,0.618,0.212,0.788,1861,3005,617,2293,0.3,H6,normal
OR (aie),0.5505,0.6704,0.6341,0.4173,0.536,0.464,0.443,0.557,510,442,982,1234,0.3,H6,reverse
OR (aie),0.5429,0.6761,0.5563,0.5286,0.39,0.61,0.165,0.835,1698,2654,374,1898,0.4,H6,normal
OR (aie),0.5329,0.6835,0.6175,0.4001,0.459,0.541,0.429,0.571,673,793,1225,1629,0.4,H6,reverse
OR (aie),0.5466,0.6733,0.5408,0.5522,0.394,0.606,0.0782,0.922,1530,2357,124,1461,0.5,H6,normal
OR (aie),0.5312,0.6847,0.617,0.396,0.436,0.564,0.417,0.583,841,1090,1475,2066,0.5,H6,reverse
OR (aie),0.579,0.6489,0.5625,0.5943,0.431,0.569,0.0474,0.953,1421,1878,62,1247,0.6,H6,normal
OR (aie),0.5098,0.7002,0.5948,0.3795,0.377,0.623,0.403,0.597,950,1569,1537,2280,0.6,H6,reverse
OR (aie),0.5616,0.6621,0.4828,0.6196,0.45,0.55,0.00702,0.993,1234,1510,5,707,0.7,H6,normal
OR (aie),0.5284,0.6867,0.615,0.3917,0.37,0.63,0.361,0.639,1137,1937,1594,2820,0.7,H6,reverse
OR (aie),0.6207,0.6159,0.6098,0.6309,0.462,0.538,0.00727,0.993,747,869,5,683,0.8,H6,normal
OR (aie),0.5171,0.6949,0.5769,0.4377,0.386,0.614,0.359,0.641,1624,2578,1594,2844,0.8,H6,reverse
OR (ai),0.6518,0.5901,0.3195,0.766,0.95,0.0499,0.796,0.204,5089,267,2842,730,0.2,H6,normal
OR (ai),0.3115,0.8298,0.194,0.3991,0.998,0.00216,0.893,0.107,461,1,1387,167,0.2,H6,reverse
OR (ai),0.6714,0.5732,0.3275,0.7826,0.945,0.0549,0.786,0.214,4599,267,2288,622,0.3,H6,normal
OR (ai),0.387,0.7829,0.2207,0.4948,0.999,0.00105,0.876,0.124,951,1,1941,275,0.3,H6,reverse
OR (ai),0.6849,0.5613,0.2816,0.7982,0.949,0.0515,0.82,0.18,4128,224,1863,409,0.4,H6,normal
OR (ai),0.4421,0.7469,0.2882,0.5413,0.97,0.03,0.829,0.171,1422,44,2366,488,0.4,H6,reverse
OR (ai),0.7259,0.5236,0.2918,0.83,0.942,0.0576,0.805,0.195,3663,224,1276,309,0.5,H6,normal
OR (ai),0.4523,0.7401,0.2818,0.5574,0.977,0.0228,0.834,0.166,1887,44,2953,588,0.5,H6,reverse
OR (ai),0.722,0.5273,0.2791,0.8278,0.933,0.0667,0.811,0.189,3079,220,1061,248,0.6,H6,normal
OR (ai),0.4924,0.7124,0.2875,0.6058,0.981,0.0191,0.83,0.17,2471,48,3168,649,0.6,H6,reverse
OR (ai),0.776,0.4732,0.2886,0.8671,0.92,0.0798,0.779,0.221,2525,219,555,157,0.7,H6,normal
OR (ai),0.5028,0.7051,0.2845,0.6191,0.984,0.0159,0.832,0.168,3025,49,3674,740,0.7,H6,reverse
OR (ai),0.6853,0.561,0.2982,0.7972,0.882,0.118,0.776,0.224,1425,191,534,154,0.8,H6,normal
OR (ai),0.5634,0.6607,0.2826,0.6862,0.982,0.0183,0.833,0.167,4125,77,3695,743,0.8,H6,reverse
Nonparametric,0.5408,0.6777,0.607,0.4477,0.31,0.69,0.114,0.886,1662,3694,406,3166,0.2,H6,normal
Nonparametric,0.6086,0.6256,0.6655,0.5284,0.957,0.0433,0.495,0.505,442,20,769,785,0.2,H6,reverse
Nonparametric,0.5298,0.6857,0.5842,0.4592,0.319,0.681,0.118,0.882,1552,3314,342,2568,0.3,H6,normal
Nonparametric,0.6411,0.5991,0.6599,0.6201,0.975,0.0252,0.502,0.498,928,24,1113,1103,0.3,H6,reverse
Nonparametric,0.5208,0.6922,0.5365,0.5041,0.371,0.629,0.191,0.809,1613,2739,435,1837,0.4,H6,normal
Nonparametric,0.5903,0.6401,0.5535,0.6215,0.991,0.00887,0.616,0.384,1453,13,1757,1097,0.4,H6,reverse
Nonparametric,0.4466,0.7439,0.4501,0.4432,0.31,0.69,0.218,0.782,1205,2682,346,1239,0.5,H6,normal
Nonparametric,0.5654,0.6592,0.4994,0.6161,0.988,0.0119,0.665,0.335,1908,23,2355,1186,0.5,H6,reverse
Nonparametric,0.4972,0.7091,0.4598,0.5297,0.396,0.604,0.247,0.753,1305,1994,323,986,0.6,H6,normal
Nonparametric,0.5811,0.6472,0.4908,0.6442,0.954,0.0461,0.665,0.335,2403,116,2538,1279,0.6,H6,reverse
Nonparametric,0.4126,0.7664,0.3269,0.479,0.34,0.66,0.308,0.692,933,1811,219,493,0.7,H6,normal
Nonparametric,0.4105,0.7678,0.0,0.5821,1.0,0.0,1.0,0.0,3074,0,4414,0,0.7,H6,reverse
Nonparametric,0.5512,0.6699,0.4772,0.6068,0.494,0.506,0.314,0.686,798,818,216,472,0.8,H6,normal
Nonparametric,0.6644,0.5794,0.6069,0.7071,0.833,0.167,0.495,0.505,3501,701,2199,2239,0.8,H6,reverse
AR predictions (aie),0.4001,0.7745,0.5715,0.0,0.0,1.0,0.0,1.0,0,5356,0,3572,0.2,H6,normal
AR predictions (aie),0.4683,0.7292,0.5042,0.4267,0.864,0.136,0.649,0.351,399,63,1009,545,0.2,H6,reverse
AR predictions (aie),0.4995,0.7075,0.5865,0.3661,0.231,0.769,0.0515,0.948,1124,3742,150,2760,0.3,H6,normal
AR predictions (aie),0.5486,0.6719,0.55,0.5472,0.908,0.0924,0.606,0.394,864,88,1342,874,0.3,H6,reverse
AR predictions (aie),0.6057,0.628,0.5768,0.6309,0.513,0.487,0.217,0.783,2232,2120,492,1780,0.4,H6,normal
AR predictions (aie),0.5322,0.684,0.5657,0.4931,0.671,0.329,0.539,0.461,983,483,1538,1316,0.4,H6,reverse
AR predictions (aie),0.5667,0.6583,0.527,0.6002,0.458,0.542,0.167,0.833,1780,2107,264,1321,0.5,H6,normal
AR predictions (aie),0.4212,0.7608,0.2005,0.5465,0.988,0.0119,0.888,0.112,1908,23,3144,397,0.5,H6,reverse
AR predictions (aie),0.5822,0.6463,0.4957,0.6435,0.527,0.473,0.277,0.723,1737,1562,363,946,0.6,H6,normal
AR predictions (aie),0.4107,0.7677,0.1202,0.557,0.932,0.0683,0.933,0.0668,2347,172,3562,255,0.6,H6,reverse
AR predictions (aie),0.5411,0.6774,0.3646,0.6409,0.516,0.484,0.361,0.639,1415,1329,257,455,0.7,H6,normal
AR predictions (aie),0.5895,0.6407,0.7417,0.0,0.0,1.0,0.0,1.0,0,3074,0,4414,0.7,H6,reverse
AR predictions (aie),0.5538,0.668,0.4679,0.6158,0.51,0.49,0.343,0.657,824,792,236,452,0.8,H6,normal
AR predictions (aie),0.5137,0.6974,0.6787,0.0,0.0,1.0,0.0,1.0,0,4202,0,4438,0.8,H6,reverse
